Domain,DNSSEC
aaa,Yes
aarp,Yes
abb,Yes
abbott,Yes
abbvie,Yes
abc,Yes
able,Yes
abogado,Yes
abudhabi,Yes
ac,Yes
academy,Yes
accenture,Yes
accountant,Yes
accountants,Yes
aco,Yes
actor,Yes
ad,Yes
ads,Yes
adult,Yes
aeg,Yes
aero,Yes
aetna,Yes
af,Yes
afl,Yes
africa,Yes
ag,Yes
agakhan,Yes
agency,Yes
ai,Yes
aig,Yes
airbus,Yes
airforce,Yes
airtel,Yes
akdn,Yes
alibaba,Yes
alipay,Yes
allfinanz,Yes
allstate,Yes
ally,Yes
alsace,Yes
alstom,Yes
am,Yes
amazon,Yes
americanexpress,Yes
americanfamily,Yes
amex,Yes
amfam,Yes
amica,Yes
amsterdam,Yes
analytics,Yes
android,Yes
anquan,Yes
anz,Yes
aol,Yes
apartments,Yes
app,Yes
apple,Yes
aquarelle,Yes
ar,Yes
arab,Yes
aramco,Yes
archi,Yes
army,Yes
arpa,Yes
art,Yes
arte,Yes
asda,Yes
asia,Yes
associates,Yes
at,Yes
athleta,Yes
attorney,Yes
au,Yes
auction,Yes
audi,Yes
audible,Yes
audio,Yes
auspost,Yes
author,Yes
auto,Yes
autos,Yes
aw,Yes
aws,Yes
ax,Yes
axa,Yes
az,Yes
azure,Yes
baby,Yes
baidu,Yes
banamex,Yes
band,Yes
bank,Yes
bar,Yes
barcelona,Yes
barclaycard,Yes
barclays,Yes
barefoot,Yes
bargains,Yes
baseball,Yes
basketball,Yes
bauhaus,Yes
bayern,Yes
bbc,Yes
bbt,Yes
bbva,Yes
bcg,Yes
bcn,Yes
bd,Yes
be,Yes
beats,Yes
beauty,Yes
beer,Yes
berlin,Yes
best,Yes
bestbuy,Yes
bet,Yes
bf,Yes
bg,Yes
bh,Yes
bharti,Yes
bible,Yes
bid,Yes
bike,Yes
bing,Yes
bingo,Yes
bio,Yes
biz,Yes
bj,Yes
black,Yes
blackfriday,Yes
blockbuster,Yes
blog,Yes
bloomberg,Yes
blue,Yes
bm,Yes
bms,Yes
bmw,Yes
bn,Yes
bnpparibas,Yes
boats,Yes
boehringer,Yes
bofa,Yes
bom,Yes
bond,Yes
boo,Yes
book,Yes
booking,Yes
bosch,Yes
bostik,Yes
boston,Yes
bot,Yes
boutique,Yes
box,Yes
br,Yes
bradesco,Yes
bridgestone,Yes
broadway,Yes
broker,Yes
brother,Yes
brussels,Yes
bt,Yes
build,Yes
builders,Yes
business,Yes
buy,Yes
buzz,Yes
bv,Yes
bw,Yes
by,Yes
bz,Yes
bzh,Yes
ca,Yes
cab,Yes
cafe,Yes
cal,Yes
call,Yes
calvinklein,Yes
cam,Yes
camera,Yes
camp,Yes
canon,Yes
capetown,Yes
capital,Yes
capitalone,Yes
car,Yes
caravan,Yes
cards,Yes
care,Yes
career,Yes
careers,Yes
cars,Yes
casa,Yes
case,Yes
cash,Yes
casino,Yes
cat,Yes
catering,Yes
catholic,Yes
cba,Yes
cbn,Yes
cbre,Yes
cc,Yes
center,Yes
ceo,Yes
cern,Yes
cfa,Yes
cfd,Yes
ch,Yes
chanel,Yes
channel,Yes
charity,Yes
chase,Yes
chat,Yes
cheap,Yes
chintai,Yes
christmas,Yes
chrome,Yes
church,Yes
ci,Yes
cipriani,Yes
circle,Yes
cisco,Yes
citadel,Yes
citi,Yes
citic,Yes
city,Yes
cl,Yes
claims,Yes
cleaning,Yes
click,Yes
clinic,Yes
clinique,Yes
clothing,Yes
cloud,Yes
club,Yes
clubmed,Yes
cm,Yes
cn,Yes
co,Yes
coach,Yes
codes,Yes
coffee,Yes
college,Yes
cologne,Yes
com,Yes
commbank,Yes
community,Yes
company,Yes
compare,Yes
computer,Yes
comsec,Yes
condos,Yes
construction,Yes
consulting,Yes
contact,Yes
contractors,Yes
cooking,Yes
cool,Yes
coop,Yes
corsica,Yes
country,Yes
coupon,Yes
coupons,Yes
courses,Yes
cpa,Yes
cr,Yes
credit,Yes
creditcard,Yes
creditunion,Yes
cricket,Yes
crown,Yes
crs,Yes
cruise,Yes
cruises,Yes
cuisinella,Yes
cx,Yes
cy,Yes
cymru,Yes
cyou,Yes
cz,Yes
dad,Yes
dance,Yes
data,Yes
date,Yes
dating,Yes
datsun,Yes
day,Yes
dclk,Yes
dds,Yes
de,Yes
deal,Yes
dealer,Yes
deals,Yes
degree,Yes
delivery,Yes
dell,Yes
deloitte,Yes
delta,Yes
democrat,Yes
dental,Yes
dentist,Yes
desi,Yes
design,Yes
dev,Yes
dhl,Yes
diamonds,Yes
diet,Yes
digital,Yes
direct,Yes
directory,Yes
discount,Yes
discover,Yes
dish,Yes
diy,Yes
dk,Yes
dm,Yes
dnp,Yes
docs,Yes
doctor,Yes
dog,Yes
domains,Yes
dot,Yes
download,Yes
drive,Yes
dtv,Yes
dubai,Yes
dunlop,Yes
dupont,Yes
durban,Yes
dvag,Yes
dvr,Yes
dz,Yes
earth,Yes
eat,Yes
ec,Yes
eco,Yes
edeka,Yes
edu,Yes
education,Yes
ee,Yes
email,Yes
emerck,Yes
energy,Yes
engineer,Yes
engineering,Yes
enterprises,Yes
epson,Yes
equipment,Yes
er,Yes
ericsson,Yes
erni,Yes
es,Yes
esq,Yes
estate,Yes
eu,Yes
eurovision,Yes
eus,Yes
events,Yes
exchange,Yes
expert,Yes
exposed,Yes
express,Yes
extraspace,Yes
fage,Yes
fail,Yes
fairwinds,Yes
faith,Yes
family,Yes
fan,Yes
fans,Yes
farm,Yes
farmers,Yes
fashion,Yes
fast,Yes
fedex,Yes
feedback,Yes
ferrari,Yes
ferrero,Yes
fi,Yes
fidelity,Yes
fido,Yes
film,Yes
final,Yes
finance,Yes
financial,Yes
fire,Yes
firestone,Yes
firmdale,Yes
fish,Yes
fishing,Yes
fit,Yes
fitness,Yes
fj,Yes
flickr,Yes
flights,Yes
flir,Yes
florist,Yes
flowers,Yes
fly,Yes
fm,Yes
fo,Yes
foo,Yes
food,Yes
football,Yes
ford,Yes
forex,Yes
forsale,Yes
forum,Yes
foundation,Yes
fox,Yes
fr,Yes
free,Yes
fresenius,Yes
frl,Yes
frogans,Yes
frontier,Yes
ftr,Yes
fujitsu,Yes
fun,Yes
fund,Yes
furniture,Yes
futbol,Yes
fyi,Yes
ga,Yes
gal,Yes
gallery,Yes
gallo,Yes
gallup,Yes
game,Yes
games,Yes
gap,Yes
garden,Yes
gay,Yes
gbiz,Yes
gd,Yes
gdn,Yes
ge,Yes
gea,Yes
gent,Yes
genting,Yes
george,Yes
gg,Yes
ggee,Yes
gi,Yes
gift,Yes
gifts,Yes
gives,Yes
giving,Yes
gl,Yes
glass,Yes
gle,Yes
global,Yes
globo,Yes
gmail,Yes
gmbh,Yes
gmo,Yes
gmx,Yes
gn,Yes
godaddy,Yes
gold,Yes
goldpoint,Yes
golf,Yes
goo,Yes
goodyear,Yes
goog,Yes
google,Yes
gop,Yes
got,Yes
gov,Yes
gr,Yes
grainger,Yes
graphics,Yes
gratis,Yes
green,Yes
gripe,Yes
grocery,Yes
group,Yes
gs,Yes
gucci,Yes
guge,Yes
guide,Yes
guitars,Yes
guru,Yes
gw,Yes
gy,Yes
hair,Yes
hamburg,Yes
hangout,Yes
haus,Yes
hbo,Yes
hdfc,Yes
hdfcbank,Yes
health,Yes
healthcare,Yes
help,Yes
helsinki,Yes
here,Yes
hermes,Yes
hiphop,Yes
hisamitsu,Yes
hitachi,Yes
hiv,Yes
hk,Yes
hkt,Yes
hn,Yes
hockey,Yes
holdings,Yes
holiday,Yes
homedepot,Yes
homegoods,Yes
homes,Yes
homesense,Yes
honda,Yes
horse,Yes
hospital,Yes
host,Yes
hosting,Yes
hot,Yes
hotels,Yes
hotmail,Yes
house,Yes
how,Yes
hr,Yes
hsbc,Yes
ht,Yes
hu,Yes
hughes,Yes
hyatt,Yes
hyundai,Yes
ibm,Yes
icbc,Yes
ice,Yes
icu,Yes
id,Yes
ie,Yes
ieee,Yes
ifm,Yes
ikano,Yes
il,Yes
imamat,Yes
imdb,Yes
immo,Yes
immobilien,Yes
in,Yes
inc,Yes
industries,Yes
infiniti,Yes
info,Yes
ing,Yes
ink,Yes
institute,Yes
insurance,Yes
insure,Yes
int,Yes
international,Yes
intuit,Yes
investments,Yes
io,Yes
ipiranga,Yes
ir,Yes
irish,Yes
is,Yes
ismaili,Yes
ist,Yes
istanbul,Yes
it,Yes
itau,Yes
itv,Yes
jaguar,Yes
java,Yes
jcb,Yes
je,Yes
jeep,Yes
jetzt,Yes
jewelry,Yes
jio,Yes
jll,Yes
jmp,Yes
jnj,Yes
jobs,Yes
joburg,Yes
jot,Yes
joy,Yes
jp,Yes
jpmorgan,Yes
jprs,Yes
juegos,Yes
juniper,Yes
kaufen,Yes
kddi,Yes
ke,Yes
kerryhotels,Yes
kerryproperties,Yes
kfh,Yes
kg,Yes
ki,Yes
kia,Yes
kids,Yes
kim,Yes
kindle,Yes
kitchen,Yes
kiwi,Yes
koeln,Yes
komatsu,Yes
kosher,Yes
kpmg,Yes
kpn,Yes
kr,Yes
krd,Yes
kred,Yes
kuokgroup,Yes
kw,Yes
ky,Yes
kyoto,Yes
kz,Yes
la,Yes
lacaixa,Yes
lamborghini,Yes
lamer,Yes
land,Yes
landrover,Yes
lanxess,Yes
lasalle,Yes
lat,Yes
latino,Yes
latrobe,Yes
law,Yes
lawyer,Yes
lb,Yes
lc,Yes
lds,Yes
lease,Yes
leclerc,Yes
lefrak,Yes
legal,Yes
lego,Yes
lexus,Yes
lgbt,Yes
li,Yes
lidl,Yes
life,Yes
lifeinsurance,Yes
lifestyle,Yes
lighting,Yes
like,Yes
lilly,Yes
limited,Yes
limo,Yes
lincoln,Yes
link,Yes
live,Yes
living,Yes
lk,Yes
llc,Yes
llp,Yes
loan,Yes
loans,Yes
locker,Yes
locus,Yes
lol,Yes
london,Yes
lotte,Yes
lotto,Yes
love,Yes
lpl,Yes
lplfinancial,Yes
lr,Yes
ls,Yes
lt,Yes
ltd,Yes
ltda,Yes
lu,Yes
lundbeck,Yes
luxe,Yes
luxury,Yes
lv,Yes
ly,Yes
ma,Yes
madrid,Yes
maif,Yes
maison,Yes
makeup,Yes
man,Yes
management,Yes
mango,Yes
map,Yes
market,Yes
marketing,Yes
markets,Yes
marriott,Yes
marshalls,Yes
mattel,Yes
mba,Yes
mc,Yes
mckinsey,Yes
md,Yes
me,Yes
med,Yes
media,Yes
meet,Yes
melbourne,Yes
meme,Yes
memorial,Yes
men,Yes
menu,Yes
merckmsd,Yes
mg,Yes
miami,Yes
microsoft,Yes
mil,Yes
mini,Yes
mint,Yes
mit,Yes
mitsubishi,Yes
mlb,Yes
mls,Yes
mm,Yes
mma,Yes
mn,Yes
mobi,Yes
mobile,Yes
moda,Yes
moe,Yes
moi,Yes
mom,Yes
monash,Yes
money,Yes
monster,Yes
mormon,Yes
mortgage,Yes
moscow,Yes
moto,Yes
motorcycles,Yes
mov,Yes
movie,Yes
mr,Yes
ms,Yes
msd,Yes
mtn,Yes
mtr,Yes
mu,Yes
museum,Yes
music,Yes
mx,Yes
my,Yes
na,Yes
nab,Yes
nagoya,Yes
name,Yes
navy,Yes
nba,Yes
nc,Yes
nec,Yes
net,Yes
netbank,Yes
netflix,Yes
network,Yes
neustar,Yes
new,Yes
news,Yes
next,Yes
nextdirect,Yes
nexus,Yes
nf,Yes
nfl,Yes
ngo,Yes
nhk,Yes
nico,Yes
nike,Yes
nikon,Yes
ninja,Yes
nissan,Yes
nissay,Yes
nl,Yes
no,Yes
nokia,Yes
norton,Yes
now,Yes
nowruz,Yes
nowtv,Yes
nra,Yes
nrw,Yes
ntt,Yes
nu,Yes
nyc,Yes
nz,Yes
obi,Yes
observer,Yes
office,Yes
okinawa,Yes
olayan,Yes
olayangroup,Yes
ollo,Yes
omega,Yes
one,Yes
ong,Yes
onl,Yes
online,Yes
ooo,Yes
open,Yes
oracle,Yes
orange,Yes
org,Yes
organic,Yes
origins,Yes
osaka,Yes
otsuka,Yes
ott,Yes
ovh,Yes
page,Yes
panasonic,Yes
paris,Yes
pars,Yes
partners,Yes
parts,Yes
party,Yes
pay,Yes
pccw,Yes
pe,Yes
pet,Yes
pfizer,Yes
pg,Yes
ph,Yes
pharmacy,Yes
phd,Yes
philips,Yes
phone,Yes
photo,Yes
photography,Yes
photos,Yes
physio,Yes
pics,Yes
pictet,Yes
pictures,Yes
pid,Yes
pin,Yes
ping,Yes
pink,Yes
pioneer,Yes
pizza,Yes
pl,Yes
place,Yes
play,Yes
playstation,Yes
plumbing,Yes
plus,Yes
pm,Yes
pnc,Yes
pohl,Yes
poker,Yes
politie,Yes
porn,Yes
post,Yes
pr,Yes
praxi,Yes
press,Yes
prime,Yes
pro,Yes
prod,Yes
productions,Yes
prof,Yes
progressive,Yes
promo,Yes
properties,Yes
property,Yes
protection,Yes
pru,Yes
prudential,Yes
pt,Yes
pub,Yes
pw,Yes
pwc,Yes
py,Yes
qpon,Yes
quebec,Yes
quest,Yes
racing,Yes
radio,Yes
re,Yes
read,Yes
realestate,Yes
realtor,Yes
realty,Yes
recipes,Yes
red,Yes
redumbrella,Yes
rehab,Yes
reise,Yes
reisen,Yes
reit,Yes
reliance,Yes
ren,Yes
rent,Yes
rentals,Yes
repair,Yes
report,Yes
republican,Yes
rest,Yes
restaurant,Yes
review,Yes
reviews,Yes
rexroth,Yes
rich,Yes
richardli,Yes
ricoh,Yes
ril,Yes
rio,Yes
rip,Yes
ro,Yes
rocks,Yes
rodeo,Yes
rogers,Yes
room,Yes
rs,Yes
rsvp,Yes
ru,Yes
rugby,Yes
ruhr,Yes
run,Yes
rw,Yes
rwe,Yes
ryukyu,Yes
sa,Yes
saarland,Yes
safe,Yes
safety,Yes
sakura,Yes
sale,Yes
salon,Yes
samsclub,Yes
samsung,Yes
sandvik,Yes
sandvikcoromant,Yes
sanofi,Yes
sap,Yes
sarl,Yes
sas,Yes
save,Yes
saxo,Yes
sb,Yes
sbi,Yes
sbs,Yes
sc,Yes
scb,Yes
schaeffler,Yes
schmidt,Yes
scholarships,Yes
school,Yes
schule,Yes
schwarz,Yes
science,Yes
scot,Yes
se,Yes
search,Yes
seat,Yes
secure,Yes
security,Yes
seek,Yes
select,Yes
sener,Yes
services,Yes
seven,Yes
sew,Yes
sex,Yes
sexy,Yes
sfr,Yes
sg,Yes
sh,Yes
shangrila,Yes
sharp,Yes
shell,Yes
shia,Yes
shiksha,Yes
shoes,Yes
shop,Yes
shopping,Yes
shouji,Yes
show,Yes
si,Yes
silk,Yes
sina,Yes
singles,Yes
site,Yes
sj,Yes
sk,Yes
ski,Yes
skin,Yes
sky,Yes
skype,Yes
sling,Yes
smart,Yes
smile,Yes
sn,Yes
sncf,Yes
soccer,Yes
social,Yes
softbank,Yes
software,Yes
sohu,Yes
solar,Yes
solutions,Yes
song,Yes
sony,Yes
soy,Yes
spa,Yes
space,Yes
sport,Yes
spot,Yes
sr,Yes
srl,Yes
ss,Yes
stada,Yes
staples,Yes
star,Yes
statebank,Yes
statefarm,Yes
stc,Yes
stcgroup,Yes
stockholm,Yes
storage,Yes
store,Yes
stream,Yes
studio,Yes
study,Yes
style,Yes
su,Yes
sucks,Yes
supplies,Yes
supply,Yes
support,Yes
surf,Yes
surgery,Yes
suzuki,Yes
swatch,Yes
swiss,Yes
sx,Yes
sydney,Yes
systems,Yes
tab,Yes
taipei,Yes
talk,Yes
taobao,Yes
target,Yes
tatamotors,Yes
tatar,Yes
tattoo,Yes
tax,Yes
taxi,Yes
tci,Yes
tdk,Yes
team,Yes
tech,Yes
technology,Yes
tel,Yes
temasek,Yes
tennis,Yes
teva,Yes
tf,Yes
th,Yes
thd,Yes
theater,Yes
theatre,Yes
tiaa,Yes
tickets,Yes
tienda,Yes
tips,Yes
tires,Yes
tirol,Yes
tjmaxx,Yes
tjx,Yes
tkmaxx,Yes
tl,Yes
tm,Yes
tmall,Yes
tn,Yes
today,Yes
tokyo,Yes
tools,Yes
top,Yes
toray,Yes
toshiba,Yes
total,Yes
tours,Yes
town,Yes
toyota,Yes
toys,Yes
tr,Yes
trade,Yes
trading,Yes
training,Yes
travel,Yes
travelers,Yes
travelersinsurance,Yes
trust,Yes
trv,Yes
tt,Yes
tube,Yes
tui,Yes
tunes,Yes
tushu,Yes
tv,Yes
tvs,Yes
tw,Yes
tz,Yes
ua,Yes
ubank,Yes
ubs,Yes
ug,Yes
uk,Yes
unicom,Yes
university,Yes
uno,Yes
uol,Yes
ups,Yes
us,Yes
uy,Yes
uz,Yes
vacations,Yes
vana,Yes
vanguard,Yes
vc,Yes
ve,Yes
vegas,Yes
ventures,Yes
verisign,Yes
versicherung,Yes
vet,Yes
viajes,Yes
video,Yes
vig,Yes
viking,Yes
villas,Yes
vin,Yes
vip,Yes
virgin,Yes
visa,Yes
vision,Yes
viva,Yes
vivo,Yes
vlaanderen,Yes
vn,Yes
vodka,Yes
volvo,Yes
vote,Yes
voting,Yes
voto,Yes
voyage,Yes
vu,Yes
wales,Yes
walmart,Yes
walter,Yes
wang,Yes
wanggou,Yes
watch,Yes
watches,Yes
weather,Yes
weatherchannel,Yes
webcam,Yes
weber,Yes
website,Yes
wed,Yes
wedding,Yes
weibo,Yes
weir,Yes
wf,Yes
whoswho,Yes
wien,Yes
wiki,Yes
williamhill,Yes
win,Yes
windows,Yes
wine,Yes
winners,Yes
wme,Yes
wolterskluwer,Yes
woodside,Yes
work,Yes
works,Yes
world,Yes
wow,Yes
ws,Yes
wtc,Yes
wtf,Yes
xbox,Yes
xerox,Yes
xihuan,Yes
xin,Yes
xn--11b4c3d,Yes
xn--1ck2e1b,Yes
xn--1qqw23a,Yes
xn--2scrj9c,Yes
xn--30rr7y,Yes
xn--3bst00m,Yes
xn--3ds443g,Yes
xn--3e0b707e,Yes
xn--3hcrj9c,Yes
xn--3pxu8k,Yes
xn--42c2d9a,Yes
xn--45br5cyl,Yes
xn--45brj9c,Yes
xn--45q11c,Yes
xn--4dbrk0ce,Yes
xn--4gbrim,Yes
xn--54b7fta0cc,Yes
xn--55qw42g,Yes
xn--55qx5d,Yes
xn--5su34j936bgsg,Yes
xn--5tzm5g,Yes
xn--6frz82g,Yes
xn--6qq986b3xl,Yes
xn--80adxhks,Yes
xn--80ao21a,Yes
xn--80aqecdr1a,Yes
xn--80asehdb,Yes
xn--80aswg,Yes
xn--8y0a063a,Yes
xn--90a3ac,Yes
xn--90ae,Yes
xn--90ais,Yes
xn--9dbq2a,Yes
xn--9et52u,Yes
xn--9krt00a,Yes
xn--b4w605ferd,Yes
xn--bck1b9a5dre4c,Yes
xn--c1avg,Yes
xn--c2br7g,Yes
xn--cck2b3b,Yes
xn--cckwcxetd,Yes
xn--cg4bki,Yes
xn--clchc0ea0b2g2a9gcd,Yes
xn--czr694b,Yes
xn--czrs0t,Yes
xn--czru2d,Yes
xn--d1acj3b,Yes
xn--e1a4c,Yes
xn--eckvdtc9d,Yes
xn--efvy88h,Yes
xn--fct429k,Yes
xn--fhbei,Yes
xn--fiq228c5hs,Yes
xn--fiq64b,Yes
xn--fiqs8s,Yes
xn--fiqz9s,Yes
xn--fjq720a,Yes
xn--flw351e,Yes
xn--fpcrj9c3d,Yes
xn--fzys8d69uvgm,Yes
xn--g2xx48c,Yes
xn--gckr3f0f,Yes
xn--gecrj9c,Yes
xn--gk3at1e,Yes
xn--h2breg3eve,Yes
xn--h2brj9c,Yes
xn--h2brj9c8c,Yes
xn--hxt814e,Yes
xn--i1b6b1a6a2e,Yes
xn--imr513n,Yes
xn--io0a7i,Yes
xn--j1aef,Yes
xn--j6w193g,Yes
xn--jlq480n2rg,Yes
xn--jvr189m,Yes
xn--kcrx77d1x4a,Yes
xn--kprw13d,Yes
xn--kpry57d,Yes
xn--kput3i,Yes
xn--l1acc,Yes
xn--mgba3a3ejt,Yes
xn--mgba7c0bbn0a,Yes
xn--mgbab2bd,Yes
xn--mgbah1a3hjkrd,Yes
xn--mgbai9azgqp6j,Yes
xn--mgbayh7gpa,Yes
xn--mgbbh1a,Yes
xn--mgbbh1a71e,Yes
xn--mgbca7dzdo,Yes
xn--mgbcpq6gpa1a,Yes
xn--mgberp4a5d4ar,Yes
xn--mgbgu82a,Yes
xn--mgbi4ecexp,Yes
xn--mgbt3dhd,Yes
xn--mgbx4cd0ab,Yes
xn--mk1bu44c,Yes
xn--mxtq1m,Yes
xn--ngbc5azd,Yes
xn--ngbe9e0a,Yes
xn--ngbrx,Yes
xn--nqv7f,Yes
xn--nqv7fs00ema,Yes
xn--nyqy26a,Yes
xn--o3cw4h,Yes
xn--otu796d,Yes
xn--p1acf,Yes
xn--p1ai,Yes
xn--pgbs0dh,Yes
xn--pssy2u,Yes
xn--q7ce6a,Yes
xn--q9jyb4c,Yes
xn--qcka1pmc,Yes
xn--qxa6a,Yes
xn--qxam,Yes
xn--rhqv96g,Yes
xn--rovu88b,Yes
xn--rvc1e0am3e,Yes
xn--s9brj9c,Yes
xn--ses554g,Yes
xn--t60b56a,Yes
xn--tckwe,Yes
xn--tiq49xqyj,Yes
xn--unup4y,Yes
xn--vermgensberater-ctb,Yes
xn--vermgensberatung-pwb,Yes
xn--vhquv,Yes
xn--vuq861b,Yes
xn--w4r85el8fhu5dnra,Yes
xn--w4rs40l,Yes
xn--wgbh1c,Yes
xn--xhq521b,Yes
xn--xkc2al3hye2a,Yes
xn--xkc2dl3a5ee0h,Yes
xn--y9a3aq,Yes
xn--yfro4i67o,Yes
xn--zfr164b,Yes
xxx,Yes
xyz,Yes
yachts,Yes
yahoo,Yes
yamaxun,Yes
yandex,Yes
yodobashi,Yes
yoga,Yes
yokohama,Yes
you,Yes
youtube,Yes
yt,Yes
yun,Yes
za,Yes
zappos,Yes
zara,Yes
zero,Yes
zip,Yes
zm,Yes
zone,Yes
zuerich,Yes
